admin_user,fefe3dbf7173a5668a088eee4bd0e7160f48d69632b8b109fbbef9d6caa44ba284feb88a56f0ab5e29f1f38cab3291e7
sec_analyst,0838630184917ae2a3a9823d3bb6bd0b7f50954b45b051d097f96ac4de2fbf75a1fed8d26aaef5d322f7e6ccf3f49628
dev_master,48f37cfbdd453368761a440097fa44d999145cb717ababa711be92ae6032060902e6d17fcb6c4202366ae2d547071b35
net_admin,7a47efdd249e6f2aad2290d60e83bc08c2f20178bf2915d6445e479273a94258d260060a5251544388a73de5fd7fa9ba
auditor,b0973abc5b215c6bc1cd8202ae6ada73207b1b1359d263c3f508ea222867a036a6d61c23298fdea55a6863e89d9c4bbf
sys_op,a2d52ede368fce0709ae5cec032a55ebc0be77d135ab0aa50b07416aaead0dd37357d5ce3d45421f09912b19829f2f19
threat_hunter,1bbd1eeab01d86159868296921afdc43d1dc611b323a7ff5e01199e47e8a01f4d7645427140cab2720895b7c97c80cbf
incident_mgr,6be946646d7b3a0e1886ff9fcb29458ff3ce1c4a020980926857b2f64dda8430ce952cd91469c39e9e52e5bdf020cf8f
crypto_expert,a115ddd1dd9e9c89306122ea54ede0070d53f3a651fee6d9a5e0033d34474e3f9f1ee5a1d780b9b2845be1e940affb59
guest_user,18fea94ab94c291d67fad36e63f8e7eb8a1b7308adce88ee5bbaa7372e06a15eb6e98522a89c81f978ffaf365afebbba
